<?xml version="1.0"?>
<!-- *************************GO-LICENSE-START******************************
 * Copyright 2014 ThoughtWorks, Inc.
 *
 * Licensed under the Apache License, Version 2.0 (the "License");
 * you may not use this file except in compliance with the License.
 * You may obtain a copy of the License at
 *
 *    http://www.apache.org/licenses/LICENSE-2.0
 *
 * Unless required by applicable law or agreed to in writing, software
 * distributed under the License is distributed on an "AS IS" BASIS,
 * WITHOUT WARRANTIES OR CONDITIONS OF ANY KIND, either express or implied.
 * See the License for the specific language governing permissions and
 * limitations under the License.
 *************************GO-LICENSE-END******************************* -->

<!DOCTYPE Configure PUBLIC "-//Mort Bay Consulting//DTD Configure//EN" "http://jetty.mortbay.org/configure.dtd">

<Configure id="Server" class="org.mortbay.jetty.Server">

    <!-- =========================================================== -->
    <!-- Server Thread Pool                                          -->
    <!-- =========================================================== -->
    <Set name="ThreadPool">
      <New class="org.mortbay.thread.QueuedThreadPool">
        <Set name="minThreads">20</Set>
        <Set name="maxThreads">300</Set>
        <Set name="lowThreads">10</Set>
        <Set name="SpawnOrShrinkAt">2</Set>
      </New>
    </Set>

    <!-- =========================================================== -->
    <!-- Logging                                                     -->
    <!-- =========================================================== -->
    <!-- Note: Please create the weblogs directory if not exist -->
    <!--
        <Call name="addHandler">
        <Arg>
            <New class="org.mortbay.jetty.handler.RequestLogHandler">
              <Set name="requestLog">
                <New class="org.mortbay.jetty.NCSARequestLog">
                    <Arg><SystemProperty name="jetty.logs" default="./weblogs"/>/jetty-yyyy_mm_dd.request.log</Arg>
                    <Set name="filenameDateFormat">yyyy_MM_dd</Set>
                    <Set name="retainDays">7</Set>
                    <Set name="append">true</Set>
                    <Set name="extended">false</Set>
                    <Set name="logCookies">false</Set>
                    <Set name="logLatency">false</Set>
                </New>
              </Set>
            </New>
        </Arg>
      </Call>
    -->
</Configure>
