<?xml version="1.0" encoding="utf-8"?>
<cruise xmlns:xsi="http://www.w3.org/2001/XMLSchema-instance" xsi:noNamespaceSchemaLocation="cruise-config.xsd" schemaVersion="72">
  <server artifactsdir="artifacts" commandRepositoryLocation="default" serverId="4f2a09d1-bfc1-4b67-acd9-a33cc80d02de" />
  <pipelines group="Development">
    <pipeline name="Web_Services" template="Development">
      <materials>
        <git url="git@localhost:workshop/services" />
      </materials>
    </pipeline>
    <pipeline name="Consumer_Website" template="Development">
      <materials>
        <git url="git@localhost:workshop/consumer_website" />
      </materials>
    </pipeline>
    <pipeline name="B2B_Website" template="Development">
      <materials>
        <git url="git@localhost:workshop/b2b_website" />
      </materials>
    </pipeline>
  </pipelines>
  <pipelines group="Verification">
    <pipeline name="Deploy_QA">
      <materials>
        <git url="git@localhost:workshop/services" dest="services" materialName="Git_Services" />
        <pipeline pipelineName="Web_Services" stageName="Package" materialName="Web_Services" />
        <git url="git@localhost:workshop/b2b_website" dest="b2b" materialName="Git_Consumer" />
        <git url="git@localhost:workshop/consumer_website" dest="consumer" materialName="Git_B2B" />
        <pipeline pipelineName="B2B_Website" stageName="Package" />
        <pipeline pipelineName="Consumer_Website" stageName="Package" />
      </materials>
      <stage name="Deploy_Applications">
        <jobs>
          <job name="Deploy_Services">
            <tasks>
              <exec command="cap" workingdir="services">
                <arg>qa</arg>
                <arg>deploy</arg>
                <runif status="passed" />
              </exec>
            </tasks>
          </job>
          <job name="Deploy_Consumer">
            <tasks>
              <exec command="cap" workingdir="consumer">
                <arg>qa</arg>
                <arg>deploy</arg>
                <runif status="passed" />
              </exec>
            </tasks>
          </job>
          <job name="Deploy_B2B">
            <tasks>
              <exec command="cap" workingdir="b2b">
                <arg>qa</arg>
                <arg>deploy</arg>
                <runif status="passed" />
              </exec>
            </tasks>
          </job>
        </jobs>
      </stage>
    </pipeline>
    <pipeline name="Functional_Tests">
      <materials>
        <git url="git@localhost:workshop/functional_tests" />
        <pipeline pipelineName="Deploy_QA" stageName="Deploy_Applications" />
      </materials>
      <stage name="Website_Tests">
        <jobs>
          <job name="Consumer_Site">
            <tasks>
              <rake buildfile="Rakefile" target="consumer_test">
                <runif status="passed" />
              </rake>
            </tasks>
          </job>
          <job name="B2B_Site">
            <tasks>
              <rake buildfile="Rakefile" target="b2b_test" />
            </tasks>
          </job>
        </jobs>
      </stage>
    </pipeline>
  </pipelines>
  <pipelines group="Production">
    <pipeline name="Deploy_Services" isLocked="false">
      <materials>
        <pipeline pipelineName="Functional_Tests" stageName="Website_Tests" />
        <git url="git@localhost:workshop/services" />
      </materials>
      <stage name="Deploy_Production_Services">
        <approval type="manual" />
        <jobs>
          <job name="Deploy_Services">
            <tasks>
              <exec command="cap">
                <arg>production</arg>
                <arg>deploy</arg>
              </exec>
            </tasks>
          </job>
        </jobs>
      </stage>
    </pipeline>
    <pipeline name="Deploy_Consumer" isLocked="false">
      <materials>
        <pipeline pipelineName="Functional_Tests" stageName="Website_Tests" />
        <git url="git@localhost:workshop/consumer_website" />
      </materials>
      <stage name="Deploy_Production_Consumer">
        <approval type="manual" />
        <jobs>
          <job name="Deploy_Consumer">
            <tasks>
              <exec command="cap">
                <arg>production</arg>
                <arg>deploy</arg>
              </exec>
            </tasks>
          </job>
        </jobs>
      </stage>
    </pipeline>
    <pipeline name="Deploy_B2B" isLocked="false">
      <materials>
        <pipeline pipelineName="Functional_Tests" stageName="Website_Tests" />
        <git url="git@localhost:workshop/b2b_website" />
      </materials>
      <stage name="Deploy_Production_B2B">
        <approval type="manual" />
        <jobs>
          <job name="Deploy_B2B">
            <tasks>
              <exec command="cap">
                <arg>production</arg>
                <arg>deploy</arg>
              </exec>
            </tasks>
          </job>
        </jobs>
      </stage>
    </pipeline>
  </pipelines>
  <templates>
    <pipeline name="Development">
      <stage name="Build">
        <jobs>
          <job name="Build">
            <tasks>
              <rake buildfile="Rakefile" target="build" />
            </tasks>
          </job>
        </jobs>
      </stage>
      <stage name="Unit_Test">
        <jobs>
          <job name="Unit_Test">
            <tasks>
              <rake buildfile="Rakefile" target="unit_test" />
            </tasks>
            <artifacts>
              <test src="tests/logfile.xml" />
            </artifacts>
          </job>
        </jobs>
      </stage>
      <stage name="Package">
        <jobs>
          <job name="Package">
            <tasks>
              <rake buildfile="Rakefile" target="package" />
            </tasks>
          </job>
        </jobs>
      </stage>
    </pipeline>
  </templates>
  <agents>
    <agent hostname="workshop-VirtualBox" ipaddress="10.0.2.15" uuid="0d0a3b97-37a5-4acf-a914-c8db1ab28434" />
    <agent hostname="workshop-VirtualBox" ipaddress="10.0.2.15" uuid="1eedf05a-5869-426c-91bd-67d3c5e88975" />
    <agent hostname="workshop-VirtualBox" ipaddress="10.0.2.15" uuid="2a7c07b8-08fd-48ed-b74f-6962fb0467cd" />
  </agents>
</cruise>

